,Tag,Sum_Views_Per_Day,Count_Videos,Average_Views_Per_Day
345,ASP,220.526666667,1,220.526666667
402,performance,407.087529112,3,135.695843037
364,yt:cc=on,97.3733624454,1,97.3733624454
152,Progress 8,97.3733624454,1,97.3733624454
284,measure,97.3733624454,1,97.3733624454
546,raise,89.1875,1,89.1875
183,CAG,87.3745721271,1,87.3745721271
790,check,87.3745721271,1,87.3745721271
151,screening,87.3745721271,1,87.3745721271
782,year,87.3745721271,1,87.3745721271
614,levels,48.3674418605,1,48.3674418605
60,phonics,88.4641917274,2,44.2320958637
150,assessment,153.354661982,4,38.3386654955
577,teachers,91.4651968019,4,22.8662992005
121,changes,60.835818358,3,20.2786061193
466,trap for baddies,14.4498269896,1,14.4498269896
500,building a trap,14.4498269896,1,14.4498269896
49,school,614.972731317,43,14.301691426
788,Mathematics,27.6173497562,2,13.8086748781
386,The builder's yard,13.1919859093,1,13.1919859093
681,tower,13.1919859093,1,13.1919859093
159,The travel,12.9383531484,1,12.9383531484
723,Japan,12.9383531484,1,12.9383531484
807,trip,12.9383531484,1,12.9383531484
419,travel agents.,12.9383531484,1,12.9383531484
203,after,10.6980718668,1,10.6980718668
232,michael gove,10.6980718668,1,10.6980718668
260,effects,10.6980718668,1,10.6980718668
672,free schools,20.4216818587,2,10.2108409294
36,playing firemen,9.88022897402,1,9.88022897402
558,firefighters,9.88022897402,1,9.88022897402
496,reform,9.72360999194,1,9.72360999194
454,Primary Education,29.1489156627,3,9.71630522088
828,Geography,8.91518072289,1,8.91518072289
786,Outside,8.48792270531,1,8.48792270531
530,white paper,8.4375,1,8.4375
155,curriculum,106.270076369,13,8.17462125919
815,building,16.311844379,2,8.1559221895
327,motion,16.2188070223,2,8.10940351115
6,graphics,16.2188070223,2,8.10940351115
398,animation,16.2188070223,2,8.10940351115
385,Tickell,16.2049452196,2,8.10247260981
296,EYFS profile,39.0614518245,5,7.8122903649
85,early years,15.2498269896,2,7.62491349481
778,gcse grades,7.50215517241,1,7.50215517241
48,gcse 2016,7.50215517241,1,7.50215517241
396,gcse dates 2016,7.50215517241,1,7.50215517241
235,gcse timetable 2016,7.50215517241,1,7.50215517241
98,results day 2016,7.50215517241,1,7.50215517241
273,gcse results 2016,7.50215517241,1,7.50215517241
710,dyslexia,14.2838554217,2,7.14192771084
372,royal,6.7946314444,1,6.7946314444
314,maths,6.7946314444,1,6.7946314444
281,society,6.7946314444,1,6.7946314444
433,Lessons,20.3768674699,3,6.79228915663
114,exploitation,6.65054744526,1,6.65054744526
286,sexual,6.65054744526,1,6.65054744526
532,childhood,6.65054744526,1,6.65054744526
640,victim,6.65054744526,1,6.65054744526
748,Child,6.65054744526,1,6.65054744526
634,Crime,6.65054744526,1,6.65054744526
221,level design,6.53859060403,1,6.53859060403
683,level designer,6.53859060403,1,6.53859060403
632,Codemasters,6.53859060403,1,6.53859060403
164,video games,6.53859060403,1,6.53859060403
380,Disability,6.34349593496,1,6.34349593496
263,severe learning difficulties,5.85397590361,1,5.85397590361
598,autism,5.85397590361,1,5.85397590361
648,mandolin,5.69167803547,1,5.69167803547
78,folk,5.69167803547,1,5.69167803547
515,importance,5.69167803547,1,5.69167803547
236,jig,5.69167803547,1,5.69167803547
257,nation,5.69167803547,1,5.69167803547
725,plan,5.69167803547,1,5.69167803547
653,instrument,5.69167803547,1,5.69167803547
400,department for education,11.215519066,2,5.60775953302
105,English,5.60771084337,1,5.60771084337
615,Teachers,5.60771084337,1,5.60771084337
259,framework,133.632181282,24,5.56800755341
329,neglect,133.632181282,24,5.56800755341
737,art,5.55085865258,1,5.55085865258
566,Paige gets creative,5.55085865258,1,5.55085865258
429,artistic,5.55085865258,1,5.55085865258
394,dancing,5.55085865258,1,5.55085865258
624,drawing,5.55085865258,1,5.55085865258
762,Short Film,5.52073515551,1,5.52073515551
103,protection,137.710996962,25,5.50843987846
318,training,134.189579241,25,5.36758316964
126,family,142.154218332,27,5.26497104933
92,new,15.5882349673,3,5.19607832243
585,The number line,5.17005300353,1,5.17005300353
182,counting,5.17005300353,1,5.17005300353
472,Building a vehicle,5.11228533686,1,5.11228533686
190,Big bad wolf,5.01100836636,1,5.01100836636
721,wolf,5.01100836636,1,5.01100836636
627,police hunt,5.01100836636,1,5.01100836636
241,Design And Technology (Field Of Study),5.00773558368,1,5.00773558368
228,Early Years Foundation Stage,50.0253708712,10,5.00253708712
592,Profile,39.7430325308,8,4.96787906635
266,workload,4.90476190476,1,4.90476190476
18,disability,4.89277166108,1,4.89277166108
230,disabled,4.89277166108,1,4.89277166108
698,adoptive,4.89277166108,1,4.89277166108
362,gcses,4.88,1,4.88
734,GCSE reform,4.88,1,4.88
360,New GCSEs,4.88,1,4.88
112,Communication,24.326746988,5,4.86534939759
201,Department for Education,1232.42225244,254,4.85205611195
456,treasure hunt,4.77410832232,1,4.77410832232
667,The priate ship,4.77410832232,1,4.77410832232
417,play pirates,4.77410832232,1,4.77410832232
574,food manufacturing,4.7432885906,1,4.7432885906
343,engineer,4.7432885906,1,4.7432885906
612,Nestle,4.7432885906,1,4.7432885906
414,electromechanical engineer,4.7432885906,1,4.7432885906
309,parents,145.015099289,31,4.67790642867
14,children,156.889495107,34,4.61439691491
563,child,146.037789112,32,4.56368090975
477,Education,1295.27574561,285,4.54482717757
424,professor,4.52804487179,1,4.52804487179
118,social,8.97158734081,2,4.48579367041
772,infants,8.7862254025,2,4.39311270125
328,Checklist,8.7862254025,2,4.39311270125
794,Whitehall,8.7862254025,2,4.39311270125
149,stage,4.31346483705,1,4.31346483705
207,apprenticeship,8.58053691275,2,4.29026845638
522,career,21.0486577181,5,4.20973154362
658,careers,21.0486577181,5,4.20973154362
749,Denbigh,4.15305313243,1,4.15305313243
608,bethnal green,4.12942542078,1,4.12942542078
784,evidence,4.12942542078,1,4.12942542078
418,Goldacre,4.12942542078,1,4.12942542078
789,education,310.737902483,76,4.08865661161
63,inspection,4.07881567973,1,4.07881567973
415,services,4.07881567973,1,4.07881567973
65,work,4.07881567973,1,4.07881567973
491,frontline,4.07881567973,1,4.07881567973
783,The architect,4.06825187142,1,4.06825187142
462,builds a pier,4.06825187142,1,4.06825187142
618,charlie,4.04808877928,1,4.04808877928
779,taylor,4.04808877928,1,4.04808877928
272,discipline,4.04808877928,1,4.04808877928
468,pimlico,4.04808877928,1,4.04808877928
248,munro,12.0803691039,3,4.0267897013
366,History,3.96213531968,1,3.96213531968
297,evacuation,3.96213531968,1,3.96213531968
117,World War II (Event),3.96213531968,1,3.96213531968
780,computing,11.8535051318,3,3.95116837728
726,Story,7.77151130068,2,3.88575565034
357,academy,23.2461635098,6,3.87436058497
647,level 3,3.83724832215,1,3.83724832215
332,JCB,3.83724832215,1,3.83724832215
455,construction industry,3.83724832215,1,3.83724832215
777,mechanics,3.83724832215,1,3.83724832215
441,geography,3.78637059724,1,3.78637059724
392,Independent,3.78012048193,1,3.78012048193
143,Qualifications,3.78012048193,1,3.78012048193
488,Professor Cathy Nutbrown,3.78012048193,1,3.78012048193
72,video,18.7522942343,5,3.75045884685
12,Department,130.83018318,35,3.73800523371
670,national curriculum,14.8790463455,4,3.71976158638
542,Temple,3.60906395595,1,3.60906395595
564,Knights,3.60906395595,1,3.60906395595
711,Haberdasher's,3.60906395595,1,3.60906395595
71,State,3.60906395595,1,3.60906395595
265,day,3.60906395595,1,3.60906395595
227,Haberdashers',3.60906395595,1,3.60906395595
811,andrew,3.60906395595,1,3.60906395595
764,Aske's,3.60906395595,1,3.60906395595
305,Grove,3.60906395595,1,3.60906395595
192,Docherty,3.60906395595,1,3.60906395595
246,of,3.60906395595,1,3.60906395595
43,Secretary,3.60906395595,1,3.60906395595
185,federation,3.60906395595,1,3.60906395595
785,Aske,3.60906395595,1,3.60906395595
533,underperforming,3.60906395595,1,3.60906395595
375,SLTchat,3.60804672291,1,3.60804672291
7,CPD,3.60804672291,1,3.60804672291
157,Taylor,10.702523011,3,3.56750767034
13,Charlie,10.702523011,3,3.56750767034
253,finance,3.53311258278,1,3.53311258278
520,EFA,3.53311258278,1,3.53311258278
814,ICT,3.47557003257,1,3.47557003257
356,BETT,3.47557003257,1,3.47557003257
258,Youth,6.91038351083,2,3.45519175541
108,teacher,24.1045079816,7,3.44350114023
465,show jumping,3.44093104963,1,3.44093104963
668,human gymkhana,3.44093104963,1,3.44093104963
271,Judging the show jumping,3.44093104963,1,3.44093104963
407,academies,37.8107391269,11,3.43733992063
506,reading,6.64106844741,2,3.32053422371
234,exemplification,6.64106844741,2,3.32053422371
802,department,182.54659229,55,3.31902895072
501,Behaviour,13.219499367,4,3.30487484174
761,DfE,220.037617611,67,3.28414354643
720,GCSE,12.7124967949,4,3.17812419872
437,Peer mentoring,3.17734939759,1,3.17734939759
657,infographics,6.32995220209,2,3.16497610105
521,Primary Schools,3.1639892905,1,3.1639892905
573,EYFS,163.344527776,52,3.14124091876
187,Parliament,3.10816777042,1,3.10816777042
262,Children & Families Bill,3.10816777042,1,3.10816777042
682,Nicky Morgan (Politician),9.31590817762,3,3.10530272587
333,Secondary School,9.04626506024,3,3.01542168675
352,farming,3.01510067114,1,3.01510067114
382,4children,3.00660501982,1,3.00660501982
809,childminders,3.00660501982,1,3.00660501982
739,entitlement,3.00660501982,1,3.00660501982
163,science,11.9950232793,4,2.99875581984
678,Childcare,8.97765476818,3,2.99255158939
498,Curriculum,11.9356513358,4,2.98391283395
323,lego,2.96370463079,1,2.96370463079
4,scratch,2.96370463079,1,2.96370463079
200,technology industry,2.9144295302,1,2.9144295302
288,British Telecom,2.9144295302,1,2.9144295302
287,project manager,2.9144295302,1,2.9144295302
635,BT,2.9144295302,1,2.9144295302
322,National,2.90546469884,1,2.90546469884
195,Twyford,2.90546469884,1,2.90546469884
625,Sarah,11.4769413306,4,2.86923533264
767,Teather,11.4769413306,4,2.86923533264
74,Teaching,17.2009276659,6,2.86682127765
562,minister,17.0581254073,6,2.84302090122
791,NCSL,5.68022024566,2,2.84011012283
568,Floor sculpture,2.83311316601,1,2.83311316601
444,The beanstalk,2.81065609863,1,2.81065609863
0,numbered beanstalk,2.81065609863,1,2.81065609863
180,numbers,2.81065609863,1,2.81065609863
729,visit,5.59675785208,2,2.79837892604
688,sexualisation,2.79730299199,1,2.79730299199
37,commercialisation,2.79730299199,1,2.79730299199
39,controls,2.79730299199,1,2.79730299199
198,parental,2.79730299199,1,2.79730299199
204,internet,2.79730299199,1,2.79730299199
803,mathematics,2.79559532003,1,2.79559532003
244,2015,2.7701863354,1,2.7701863354
113,PISA,2.7701863354,1,2.7701863354
136,Organisation For Economic Co-operation And Development (Membership Organization),2.7701863354,1,2.7701863354
303,Programme For International Student Assessment,2.7701863354,1,2.7701863354
116,survey,2.7701863354,1,2.7701863354
575,OECD,2.7701863354,1,2.7701863354
89,health,8.30901756567,3,2.76967252189
301,foundation,8.30901756567,3,2.76967252189
555,families,8.30901756567,3,2.76967252189
579,midwife,8.30901756567,3,2.76967252189
59,nursery,8.30901756567,3,2.76967252189
229,years,8.30901756567,3,2.76967252189
824,summit,2.74476650564,1,2.74476650564
596,Drew Primary School,2.73994111874,1,2.73994111874
591,Bullying (Literature Subject),2.73994111874,1,2.73994111874
420,Google,2.73994111874,1,2.73994111874
44,Twist and Pulse,2.73994111874,1,2.73994111874
499,Nick Gibb,2.73994111874,1,2.73994111874
209,Sally Bercow,2.73994111874,1,2.73994111874
626,ambassador,2.73994111874,1,2.73994111874
324,Celebrities,2.73994111874,1,2.73994111874
740,Joe Swash,2.73994111874,1,2.73994111874
374,the Diana award,2.73994111874,1,2.73994111874
127,Jodie Marsh,2.73994111874,1,2.73994111874
483,national,5.4269763549,2,2.71348817745
19,young,8.09067841754,3,2.69689280585
685,people,8.09067841754,3,2.69689280585
140,IOE Confucius Institute for Schools,2.63622641509,1,2.63622641509
41,Institute of Education,2.63622641509,1,2.63622641509
485,Mandarin,2.63622641509,1,2.63622641509
25,Confucius Classroom,2.63622641509,1,2.63622641509
584,Paul Tyskerud,2.63622641509,1,2.63622641509
540,Dartford,2.63622641509,1,2.63622641509
137,Dartford Grammar School,2.63622641509,1,2.63622641509
88,Confucius Institute (Nonprofit Organization),2.63622641509,1,2.63622641509
765,Family lives,2.59656889873,1,2.59656889873
473,Camden,2.59656889873,1,2.59656889873
376,classes,2.59656889873,1,2.59656889873
796,trials,2.59656889873,1,2.59656889873
412,parenting,2.59656889873,1,2.59656889873
261,CANparent,2.59656889873,1,2.59656889873
597,Middlesbrough,2.59656889873,1,2.59656889873
616,Bristol,2.59656889873,1,2.59656889873
101,High Peak,2.59656889873,1,2.59656889873
202,advice,2.59656889873,1,2.59656889873
704,School,84.6586090312,33,2.56541239488
389,childcare,12.7854304537,5,2.55708609075
697,sally,2.55293613373,1,2.55293613373
24,burlington,2.55293613373,1,2.55293613373
56,standards,2.55293613373,1,2.55293613373
583,danes,2.55293613373,1,2.55293613373
311,government,15.0384134261,6,2.50640223768
593,pathfinder,2.48661233993,1,2.48661233993
256,Michael,17.289587181,7,2.46994102586
26,teaching,31.7433978748,13,2.44179983652
495,and,2.39450282943,1,2.39450282943
799,TL,2.39450282943,1,2.39450282943
613,SoS,2.39450282943,1,2.39450282943
320,KS2,7.15851564668,3,2.38617188223
816,Final Fantasy,2.36008560728,1,2.36008560728
709,Microsoft,2.36008560728,1,2.36008560728
543,BCS,2.36008560728,1,2.36008560728
527,Computer,2.36008560728,1,2.36008560728
700,Facebook,2.36008560728,1,2.36008560728
630,Ian Livingstone,2.36008560728,1,2.36008560728
552,Schools,13.9159446384,6,2.3193241064
751,TES,2.31392405063,1,2.31392405063
147,music,6.93934853376,3,2.31311617792
827,pupil premium,2.31043256997,1,2.31043256997
239,Role-playing,2.30939759036,1,2.30939759036
270,Planning,2.30735358873,1,2.30735358873
373,spaceship,2.30735358873,1,2.30735358873
480,Educational,9.18204619374,4,2.29551154843
194,interview,6.87133008614,3,2.29044336205
57,Nottingham,2.26375908619,1,2.26375908619
168,Exams Helpline,2.26375908619,1,2.26375908619
156,NUSA,2.26375908619,1,2.26375908619
350,dfe,33.5966982848,15,2.23977988566
487,Adoption,6.6745104559,3,2.22483681863
330,Old Ford Primary,2.18976744186,1,2.18976744186
76,Mcheal Gove,2.18976744186,1,2.18976744186
707,Amanda Phillips,2.18976744186,1,2.18976744186
82,Headteacher,2.18976744186,1,2.18976744186
170,freedom,2.18976744186,1,2.18976744186
390,Performance,2.18976744186,1,2.18976744186
335,Review,8.62312691596,4,2.15578172899
787,chat,4.26596847264,2,2.13298423632
224,office,2.12324929972,1,2.12324929972
669,press,2.12324929972,1,2.12324929972
217,Nursery,2.08936651584,1,2.08936651584
743,Early Years,2.08936651584,1,2.08936651584
35,Durand Academy,2.08936651584,1,2.08936651584
505,mandarin,2.07911802853,1,2.07911802853
11,Peng Liyuan,2.07911802853,1,2.07911802853
319,language,2.07911802853,1,2.07911802853
110,Chinese,2.07911802853,1,2.07911802853
432,review,18.7041257794,9,2.07823619772
638,birmingham,2.07115628971,1,2.07115628971
115,leadership,2.07115628971,1,2.07115628971
482,Oakgrove,2.06975822434,1,2.06975822434
316,care,10.3426425031,5,2.06852850062
550,Early,4.10035623831,2,2.05017811916
58,school direct,2.04984615385,1,2.04984615385
602,Watford,2.03870967742,1,2.03870967742
589,Grammar,2.03870967742,1,2.03870967742
694,for,12.2001129508,6,2.03335215847
54,michael,12.1550505667,6,2.02584176111
77,Reg,4.00827345613,2,2.00413672806
231,Childhood.,4.00827345613,2,2.00413672806
70,Bailey,4.00827345613,2,2.00413672806
161,chesnut,4.00827345613,2,2.00413672806
422,grove,4.00827345613,2,2.00413672806
153,Commercialisation,4.00827345613,2,2.00413672806
769,Sexualisation,4.00827345613,2,2.00413672806
401,bailey,4.00827345613,2,2.00413672806
28,Nick Clegg,1.99253266957,1,1.99253266957
691,EEF,1.99253266957,1,1.99253266957
69,Free School Meals,1.99253266957,1,1.99253266957
463,Deputy Prime Minister,1.99253266957,1,1.99253266957
750,Awards,1.99253266957,1,1.99253266957
525,Kevan Collins,1.99253266957,1,1.99253266957
470,Becky Fisher,1.99253266957,1,1.99253266957
708,coates,3.94238567502,2,1.97119283751
747,anti-bullying,3.90816541781,2,1.9540827089
645,web,1.95204442201,1,1.95204442201
176,stream,1.95204442201,1,1.95204442201
142,live,1.95204442201,1,1.95204442201
123,Discipline,1.9162976085,1,1.9162976085
510,King,1.9162976085,1,1.9162976085
666,Solomon,1.9162976085,1,1.9162976085
479,@antibullyingpro,3.78945145607,2,1.89472572803
636,schools,24.4245836699,13,1.87881412845
86,School workforce collection,1.85714285714,1,1.85714285714
160,HTB,1.85430463576,1,1.85430463576
377,Michael Gove,64.5972172417,35,1.84563477834
490,National Curriculum,16.3902213434,9,1.82113570482
643,Edward Timpson,53.9582039633,30,1.79860679878
289,funding,5.38118950586,3,1.79372983529
728,Giles Coren,1.79054779807,1,1.79054779807
436,Timpson,1.79054779807,1,1.79054779807
567,Laws,1.79054779807,1,1.79054779807
38,Hancock,1.79054779807,1,1.79054779807
219,Truss,1.79054779807,1,1.79054779807
754,The Times,1.79054779807,1,1.79054779807
588,Lord Nash,3.56975033923,2,1.78487516961
687,extremism,1.78477306003,1,1.78477306003
237,Lion King,1.78477306003,1,1.78477306003
651,character,1.78477306003,1,1.78477306003
171,radicalisation,1.78477306003,1,1.78477306003
703,ethos,1.78477306003,1,1.78477306003
169,values,1.78477306003,1,1.78477306003
494,Free Schools,71.2928268853,40,1.78232067213
561,Kemnal,1.7807295797,1,1.7807295797
218,Trust,1.7807295797,1,1.7807295797
250,Matthew Hancock,49.7125988271,28,1.77544995811
384,Dyslexia,3.55084337349,2,1.77542168675
243,systems,3.55084337349,2,1.77542168675
15,buddy,3.55084337349,2,1.77542168675
742,Language Education (Website Category),1.77198697068,1,1.77198697068
601,gove,12.4011135588,7,1.77158765126
594,Academies,78.6485968435,45,1.74774659652
428,Modern Languages,1.7380952381,1,1.7380952381
124,David Laws,50.2805377584,29,1.73381164684
27,Elizabeth Truss,50.0600690652,29,1.72620927811
347,Academy,8.63068044092,5,1.72613608818
46,Elizabeth,5.10889585423,3,1.70296528474
102,behaviour,5.03656632958,3,1.67885544319
797,vocational,1.67655424624,1,1.67655424624
351,SEN,68.6399168019,41,1.67414431224
84,Gove,41.71173483,25,1.6684693932
431,painting,1.66006164685,1,1.66006164685
448,breakdancing,1.66006164685,1,1.66006164685
823,Sound and vision with Aeryn,1.66006164685,1,1.66006164685
621,Emma Knights,1.65401785714,1,1.65401785714
276,NGA,1.65401785714,1,1.65401785714
83,Governors,1.65401785714,1,1.65401785714
581,Lord Hill,35.8441413461,22,1.6292791521
606,independent,1.62058823529,1,1.62058823529
712,census,1.62058823529,1,1.62058823529
673,England,3.21998372397,2,1.60999186198
702,London,55.2688475086,35,1.57910992882
679,Learning,7.8713253012,5,1.57426506024
87,Disadvantaged,3.11770460905,2,1.55885230452
503,Lehain,1.5258309972,1,1.5258309972
689,Mark,1.5258309972,1,1.5258309972
611,bullying,4.57739307652,3,1.52579769217
158,lord,1.50424808836,1,1.50424808836
484,testing,1.50424808836,1,1.50424808836
438,Sats,1.50424808836,1,1.50424808836
434,Key Stage 2,1.50424808836,1,1.50424808836
659,tests,1.50424808836,1,1.50424808836
20,Bew,1.50424808836,1,1.50424808836
549,\Child Protection\,1.488296135,1,1.488296135
607,IPPR,1.488296135,1,1.488296135
713,\Institute of Public Policy\,1.488296135,1,1.488296135
430,Sheffield,1.46980786825,1,1.46980786825
33,Nutbrown,1.46980786825,1,1.46980786825
609,qualifications,1.46980786825,1,1.46980786825
741,support,2.91680465511,2,1.45840232756
315,flexible working summit,1.41935483871,1,1.41935483871
130,COLLECT,1.4,1,1.4
94,Sally,1.38944954128,1,1.38944954128
349,master,1.38944954128,1,1.38944954128
536,fostering,6.64232639868,5,1.32846527974
439,Hill,13.1546995697,10,1.31546995697
381,NCR,1.31481481481,1,1.31481481481
649,schools counsellor jobs,1.29182879377,1,1.29182879377
696,counselling in schools,1.29182879377,1,1.29182879377
492,counselling jobs,1.29182879377,1,1.29182879377
497,lewisham,1.29182879377,1,1.29182879377
125,school counsellor,1.29182879377,1,1.29182879377
768,counselling jobs london,1.29182879377,1,1.29182879377
1,schools based counselling,1.29182879377,1,1.29182879377
693,mental health,1.29182879377,1,1.29182879377
440,Sydenham school,1.29182879377,1,1.29182879377
738,Exam,2.57822125809,2,1.28911062904
220,Pupil Premium,2.56047160087,2,1.28023580043
179,STEM,3.80317433253,3,1.26772477751
559,Eduction,1.25894454383,1,1.25894454383
822,persistent,1.25894454383,1,1.25894454383
242,absence,1.25894454383,1,1.25894454383
405,Teacher,10.0314664528,8,1.2539333066
464,ks4,1.2420508744,1,1.2420508744
467,SEND,2.4465323377,2,1.22326616885
308,free,18.1916426292,15,1.21277617528
172,Children,9.60696510175,8,1.20087063772
416,oracy,1.1967032967,1,1.1967032967
275,free school,1.1967032967,1,1.1967032967
821,dvd,8.32679215058,7,1.1895417358
471,safeguarding,8.32679215058,7,1.1895417358
646,death,8.32679215058,7,1.1895417358
186,educational,3.54239486368,3,1.18079828789
215,RSC,2.35099337748,2,1.17549668874
134,headteacher,2.35099337748,2,1.17549668874
206,Martin,1.17183985605,1,1.17183985605
51,Campaign,1.17183985605,1,1.17183985605
435,Carer,1.17183985605,1,1.17183985605
17,Narey,1.17183985605,1,1.17183985605
442,Loughton,1.17183985605,1,1.17183985605
722,Cameron,1.17183985605,1,1.17183985605
107,David,1.17183985605,1,1.17183985605
586,Tim,1.17183985605,1,1.17183985605
486,Foster,1.17183985605,1,1.17183985605
539,learning,15.0776171869,13,1.15981670668
188,Gibb,4.62916754878,4,1.1572918872
706,Nick,4.62916754878,4,1.1572918872
451,Classic FM (Radio Station),1.15550595238,1,1.15550595238
213,Darren Henley,1.15550595238,1,1.15550595238
334,post 16,1.14285714286,1,1.14285714286
146,School Direct,1.13151750973,1,1.13151750973
774,School improvement,1.13151750973,1,1.13151750973
753,Teacher training,1.13151750973,1,1.13151750973
459,Teaching Schools,1.13151750973,1,1.13151750973
338,Quality of teaching,1.13151750973,1,1.13151750973
61,School-led system,1.13151750973,1,1.13151750973
413,Pupil,1.12517193948,1,1.12517193948
341,Funding,1.12517193948,1,1.12517193948
425,Benefit,1.12517193948,1,1.12517193948
676,Meals,1.12517193948,1,1.12517193948
106,Premium,1.12517193948,1,1.12517193948
556,youth,3.36883080274,3,1.12294360091
690,Amazing,1.11454904542,1,1.11454904542
403,wonder,1.11454904542,1,1.11454904542
793,EAL,1.08961960026,1,1.08961960026
744,Sacred Heart Primary School,1.04951033732,1,1.04951033732
193,\Diana Awards\,1.04951033732,1,1.04951033732
391,Department Education,1.0395256917,1,1.0395256917
719,school absence,1.02857142857,1,1.02857142857
554,school exclusions,1.02857142857,1,1.02857142857
523,school attendance,1.02857142857,1,1.02857142857
545,arts,2.03769680612,2,1.01884840306
100,Professor,3.95273438974,4,0.988183597435
752,Sarah Teather,0.986679822398,1,0.986679822398
776,Special,0.986679822398,1,0.986679822398
64,Needs,0.986679822398,1,0.986679822398
30,Day,0.986679822398,1,0.986679822398
189,Phoenix,0.986679822398,1,0.986679822398
699,Child (Literature Subject),0.986679822398,1,0.986679822398
715,disorder,2.9556626506,3,0.985220883534
692,developmental,2.9556626506,3,0.985220883534
759,dyspraxia,2.9556626506,3,0.985220883534
570,co-ordination,2.9556626506,3,0.985220883534
264,provision,0.976787954831,1,0.976787954831
557,Batley,0.97443068318,1,0.97443068318
633,Lesley,0.969465648855,1,0.969465648855
662,Longstone,0.969465648855,1,0.969465648855
399,Minister,2.83591877613,3,0.945306258711
95,University,3.77490651123,4,0.943726627808
317,Al-Khalili,1.82023486902,2,0.910117434508
571,TDA,1.82023486902,2,0.910117434508
331,Scholarships,1.82023486902,2,0.910117434508
34,Jim,1.82023486902,2,0.910117434508
617,Physics,1.82023486902,2,0.910117434508
671,Teach,1.82023486902,2,0.910117434508
294,Institute,1.82023486902,2,0.910117434508
652,IOP,1.82023486902,2,0.910117434508
47,Graduate,1.82023486902,2,0.910117434508
531,Body Image,0.907237512742,1,0.907237512742
507,GEO,0.907237512742,1,0.907237512742
569,Government Equalities Office,0.907237512742,1,0.907237512742
238,Body Confidence,0.907237512742,1,0.907237512742
553,school census,7.2,8,0.9
162,Family,3.56885540887,4,0.892213852217
655,adoption,11.3501713394,13,0.873090103028
511,latin,0.870007830854,1,0.870007830854
724,classics,0.870007830854,1,0.870007830854
205,applications,4.34034155932,5,0.868068311865
22,proposers,4.34034155932,5,0.868068311865
509,Kitchen,0.849190283401,1,0.849190283401
339,Dimbleby,0.849190283401,1,0.849190283401
216,Lauriston,0.849190283401,1,0.849190283401
745,Collection,0.849190283401,1,0.849190283401
45,Henry,0.849190283401,1,0.849190283401
565,Vincent,0.849190283401,1,0.849190283401
254,food,0.849190283401,1,0.849190283401
582,Cooking,0.849190283401,1,0.849190283401
603,Hackney,0.849190283401,1,0.849190283401
661,Restaurant,0.849190283401,1,0.849190283401
282,Live,0.839747271683,1,0.839747271683
52,skills,0.835662650602,1,0.835662650602
547,all,0.835662650602,1,0.835662650602
514,Developing,0.835662650602,1,0.835662650602
628,abilities,0.835662650602,1,0.835662650602
800,book,0.835662650602,1,0.835662650602
233,through,0.835662650602,1,0.835662650602
120,suitable,0.835662650602,1,0.835662650602
460,Cape,0.835662650602,1,0.835662650602
817,e,0.835662650602,1,0.835662650602
731,first4adoption,0.83196239718,1,0.83196239718
119,adopting,0.83196239718,1,0.83196239718
340,COLLECT reports,0.828571428571,1,0.828571428571
53,gender,0.824701195219,1,0.824701195219
825,pay gap,0.824701195219,1,0.824701195219
267,equality,0.824701195219,1,0.824701195219
298,Publishers Association,0.816143497758,1,0.816143497758
760,British Educational Suppliers Association,0.816143497758,1,0.816143497758
421,Caroline Wright,0.816143497758,1,0.816143497758
580,Emma House,0.816143497758,1,0.816143497758
587,Master Teacher,0.811755952381,1,0.811755952381
279,Computing At Schools,0.811755952381,1,0.811755952381
474,Zoe Ross,0.811755952381,1,0.811755952381
674,Computing,0.811755952381,1,0.811755952381
290,network,0.809217046581,1,0.809217046581
23,foster,0.809217046581,1,0.809217046581
252,hours at setting,0.8,1,0.8
808,funded hours,0.8,1,0.8
310,extended hours,0.8,1,0.8
359,earyl years pupil premium,0.8,1,0.8
453,Prime,1.5769742323,2,0.788487116152
820,Sequence,0.781575037147,1,0.781575037147
600,speech,1.55202350735,2,0.776011753673
196,Mandarin Chinese (Human Language),0.775032509753,1,0.775032509753
355,Language,0.775032509753,1,0.775032509753
395,Food,3.07940115874,4,0.769850289686
746,consultation,1.53013897984,2,0.765069489922
599,Art lessons,0.755180722892,1,0.755180722892
641,Apprenticeships,0.750183150183,1,0.750183150183
67,Sidwell,1.49983189828,2,0.749915949138
792,Commissioner,1.49983189828,2,0.749915949138
133,Free,1.47667057708,2,0.73833528854
411,Coalition,1.47667057708,2,0.73833528854
654,setting,4.40010059547,6,0.733350099245
548,Students,0.73125564589,1,0.73125564589
447,freedoms,0.730475382003,1,0.730475382003
502,schoo census,0.714285714286,1,0.714285714286
755,gibb,2.07991056937,3,0.693303523124
578,special educational needs,0.685714285714,1,0.685714285714
50,MAT,2.05707762557,3,0.685692541857
763,multi academy trust,2.05707762557,3,0.685692541857
247,2011,2.00924099655,3,0.669746998849
665,makethemgoaway,0.669227658714,1,0.669227658714
427,High,0.667190569745,1,0.667190569745
299,Aiming,0.667190569745,1,0.667190569745
469,Disabled,0.667190569745,1,0.667190569745
367,11,0.66269165247,1,0.66269165247
166,Tanya,0.66269165247,1,0.66269165247
677,ByronL,0.66269165247,1,0.66269165247
313,Social work,0.643994211288,1,0.643994211288
675,Social worker,0.643994211288,1,0.643994211288
537,Music,1.27550595238,2,0.63775297619
223,Primary School,1.24240963855,2,0.621204819277
805,Literacy,1.24240963855,2,0.621204819277
775,EPIC,0.609937178755,1,0.609937178755
111,McDonough,0.596265560166,1,0.596265560166
572,Rob,0.596265560166,1,0.596265560166
10,Parents,4.16756846008,7,0.595366922869
141,positive,1.17906336088,2,0.589531680441
770,Leon,1.74745407492,3,0.582484691639
423,Beavan,0.573858921162,1,0.573858921162
379,Peter,0.573858921162,1,0.573858921162
8,results,2.2930024691,4,0.573250617276
512,exam,2.2930024691,4,0.573250617276
801,Student,2.80385763417,5,0.560771526834
154,initial,0.557397959184,1,0.557397959184
378,ITT,0.557397959184,1,0.557397959184
363,Luke's,0.535401750199,1,0.535401750199
96,key stage two,0.517447199265,1,0.517447199265
758,test results,0.517447199265,1,0.517447199265
181,primary school,0.517447199265,1,0.517447199265
819,key stage 2,0.517447199265,1,0.517447199265
55,nick gibb,0.517447199265,1,0.517447199265
404,Dr,1.0027186609,2,0.501359330452
66,htb,0.496688741722,1,0.496688741722
139,'Department,0.484863773966,1,0.484863773966
529,Academy (Organization Type),0.484863773966,1,0.484863773966
277,Contest,0.484863773966,1,0.484863773966
132,Exit,0.484863773966,1,0.484863773966
560,Graduation,0.484863773966,1,0.484863773966
576,College,0.484863773966,1,0.484863773966
135,Dfe,0.484863773966,1,0.484863773966
541,poll,0.484863773966,1,0.484863773966
346,Centre,1.92701751342,4,0.481754378354
16,Parent,1.43159889219,3,0.477199630732
705,Bill,1.41569224659,3,0.471897415531
122,Vulnerable,0.467733866933,1,0.467733866933
736,Bureaucracy,0.467733866933,1,0.467733866933
730,Social,0.467733866933,1,0.467733866933
5,Workers,0.467733866933,1,0.467733866933
481,Professor Eileen Munro,0.467733866933,1,0.467733866933
535,Chid Protection,0.467733866933,1,0.467733866933
642,Tim Loughton,0.467733866933,1,0.467733866933
408,Munro,0.467733866933,1,0.467733866933
450,Services,0.467733866933,1,0.467733866933
475,nicky morgan,0.465838509317,1,0.465838509317
519,Youtube,0.461582568807,1,0.461582568807
148,#schoolfood,0.461582568807,1,0.461582568807
766,Childrens,1.7800849627,4,0.445021240675
631,\School Food Plan\,0.436681222707,1,0.436681222707
798,nick,0.837859694968,2,0.418929847484
623,the,1.21405293304,3,0.404684311015
128,LEON,0.390589569161,1,0.390589569161
93,Academies Show,0.385185185185,1,0.385185185185
353,final,0.76532550975,2,0.382662754875
476,Lesson,3.41301204819,9,0.37922356091
312,Sonia,0.371379897785,1,0.371379897785
197,LivingstoneL,0.371379897785,1,0.371379897785
80,Nativity,0.367663344408,1,0.367663344408
79,Merry Christmas,0.367663344408,1,0.367663344408
354,role play,0.367228915663,1,0.367228915663
173,teaching methods,0.362409638554,1,0.362409638554
251,Kids,0.359382777501,1,0.359382777501
639,Playground,0.359382777501,1,0.359382777501
446,Face Painting,0.359382777501,1,0.359382777501
295,Flag,0.359382777501,1,0.359382777501
449,Diamond Jubilee,0.359382777501,1,0.359382777501
165,Crown,0.359382777501,1,0.359382777501
727,Monarchy,0.359382777501,1,0.359382777501
365,Fun,0.359382777501,1,0.359382777501
443,Union Jack,0.359382777501,1,0.359382777501
336,Royal,0.351498637602,1,0.351498637602
208,Powers,0.351498637602,1,0.351498637602
717,Assent,0.351498637602,1,0.351498637602
40,Standards,0.351498637602,1,0.351498637602
812,Act,0.351498637602,1,0.351498637602
695,Government,0.351498637602,1,0.351498637602
42,Maths,0.347470238095,1,0.347470238095
619,JCoSS,0.649009474591,2,0.324504737295
813,St,0.648661418707,2,0.324330709354
489,John,0.962212253952,3,0.320737417984
29,1080p,0.314462171899,1,0.314462171899
526,McGaw,0.314462171899,1,0.314462171899
517,Study,0.314462171899,1,0.314462171899
806,Case,0.314462171899,1,0.314462171899
249,2012,0.314462171899,1,0.314462171899
358,Helpline,0.314462171899,1,0.314462171899
214,Results,0.314462171899,1,0.314462171899
544,conference,2.19978020974,7,0.314254315677
325,Schooling,0.940337691018,3,0.313445897006
175,Islington,0.940337691018,3,0.313445897006
306,Archway,0.940337691018,3,0.313445897006
210,Eleanor,0.940337691018,3,0.313445897006
452,DCS,0.940337691018,3,0.313445897006
371,culture,0.304616849119,1,0.304616849119
278,house,0.304616849119,1,0.304616849119
268,opera,0.304616849119,1,0.304616849119
701,defibrillators,0.29945553539,1,0.29945553539
524,Primary,2.35759701791,8,0.294699627238
348,2,0.866876241966,3,0.288958747322
212,helpline,0.845599588266,3,0.281866529422
226,UCAS,0.845599588266,3,0.281866529422
269,university,0.845599588266,3,0.281866529422
457,narey,0.56183811571,2,0.280919057855
605,week,0.56183811571,2,0.280919057855
680,martin,0.56183811571,2,0.280919057855
304,wan,0.280461735785,1,0.280461735785
718,stonewall,0.280461735785,1,0.280461735785
291,gok,0.280461735785,1,0.280461735785
756,Science,1.05345778637,4,0.263364446592
280,Classroom,0.261204819277,1,0.261204819277
138,from,0.259836065574,1,0.259836065574
733,Speech,0.259836065574,1,0.259836065574
650,Rowley:,0.259836065574,1,0.259836065574
361,Summit,0.259836065574,1,0.259836065574
686,Jack,0.259836065574,1,0.259836065574
9,supplement,0.25898334794,1,0.25898334794
2,sidwell,0.25898334794,1,0.25898334794
283,connect,0.25898334794,1,0.25898334794
508,eductation,0.25898334794,1,0.25898334794
75,tes,0.25898334794,1,0.25898334794
326,times,0.25898334794,1,0.25898334794
406,liz,0.25898334794,1,0.25898334794
99,micheal,0.246062992126,1,0.246062992126
795,Track,0.246062992126,1,0.246062992126
184,Christmas,0.480923012916,2,0.240461506458
757,Transition,0.236935166994,1,0.236935166994
629,protocol,0.236935166994,1,0.236935166994
604,ThompsonL,0.224446337308,1,0.224446337308
245,Using,0.223862729449,1,0.223862729449
620,well,0.223862729449,1,0.223862729449
31,resources,0.223862729449,1,0.223862729449
528,games,0.439563730678,2,0.219781865339
337,olympic,0.439563730678,2,0.219781865339
97,Short,0.215324165029,1,0.215324165029
664,breaks,0.215324165029,1,0.215324165029
3,dance,0.430516129695,2,0.215258064848
178,Virtual,0.21062052506,1,0.21062052506
81,Head,0.21062052506,1,0.21062052506
684,Looked after children,0.21062052506,1,0.21062052506
445,French,0.406265060241,2,0.20313253012
211,Built Environment,0.384096385542,2,0.192048192771
551,teamwork,0.188915662651,1,0.188915662651
144,teacher workload,0.186842105263,1,0.186842105263
504,PE,0.355662650602,2,0.177831325301
663,James,0.34257120086,2,0.17128560043
177,Positive,0.338872210152,2,0.169436105076
344,Physical Education,0.166746987952,1,0.166746987952
595,yt:stretch=16:9,0.802840609418,5,0.160568121884
222,birthday honours,0.802840609418,5,0.160568121884
461,honours,0.802840609418,5,0.160568121884
91,SandersL,0.160136286201,1,0.160136286201
145,Deidre,0.160136286201,1,0.160136286201
393,sport,0.319400019128,2,0.159700009564
73,The SEN Task in Practice Part One,0.139277108434,1,0.139277108434
773,Teacher (Profession),0.134464751958,1,0.134464751958
174,carers,0.259759036145,2,0.129879518072
104,groups,0.259759036145,2,0.129879518072
826,Primary Trainee Teacher,0.255421686747,2,0.127710843373
62,Olympics,0.125899280576,1,0.125899280576
409,track,0.125899280576,1,0.125899280576
129,Big Bang,0.120359955006,1,0.120359955006
590,technology,0.120359955006,1,0.120359955006
21,to,0.118554216867,1,0.118554216867
660,Background,0.118554216867,1,0.118554216867
610,diploma,0.118554216867,1,0.118554216867
109,The SEN Task in Practice Part Two,0.116144578313,1,0.116144578313
167,Library,0.113259668508,1,0.113259668508
732,Writing,0.113259668508,1,0.113259668508
285,Reading,0.113259668508,1,0.113259668508
225,Author,0.113259668508,1,0.113259668508
131,Book,0.113259668508,1,0.113259668508
538,Matthew's,0.113259668508,1,0.113259668508
622,CoF,0.113259668508,1,0.113259668508
771,Books,0.113259668508,1,0.113259668508
302,e-readers,0.113259668508,1,0.113259668508
735,Class (education),0.109879518072,1,0.109879518072
493,02,0.108778625954,1,0.108778625954
804,EAS,0.108778625954,1,0.108778625954
240,Teaching Assistant,0.107469879518,1,0.107469879518
397,The SEN Task in Practice Part Four,0.107469879518,1,0.107469879518
274,Klein,0.0983009708738,1,0.0983009708738
300,Joel,0.0983009708738,1,0.0983009708738
818,WoolardL,0.0928449744463,1,0.0928449744463
518,Chris,0.0928449744463,1,0.0928449744463
534,The SEN Task in Practice Part Three,0.0872289156627,1,0.0872289156627
307,SENCO,0.0872289156627,1,0.0872289156627
383,Music Lesson,0.0771084337349,1,0.0771084337349
191,1,0.372530120482,5,0.0745060240964
714,Clip,0.148915662651,2,0.0744578313253
292,Talking,0.148915662651,2,0.0744578313253
293,4721,0.143008062609,2,0.0715040313043
321,Ed,0.069876438006,1,0.069876438006
342,Vaizey,0.069876438006,1,0.069876438006
387,Highlights,0.0678906917165,1,0.0678906917165
370,target,0.0597590361446,1,0.0597590361446
426,Module,0.349879518072,6,0.058313253012
516,GroundsL,0.113021970551,2,0.0565109852757
388,talking,0.110361445783,2,0.0551807228916
637,Concerns,0.110361445783,2,0.0551807228916
810,thinkL,0.0506814310051,1,0.0506814310051
90,Hear,0.0506814310051,1,0.0506814310051
410,what,0.0506814310051,1,0.0506814310051
716,MPL,0.0979854669668,2,0.0489927334834
369,13,0.0379045996593,1,0.0379045996593
781,Introduction,0.0332530120482,1,0.0332530120482
458,Richards,0.0332530120482,1,0.0332530120482
644,Gill,0.0332530120482,1,0.0332530120482
68,Negative,0.0313253012048,1,0.0313253012048
32,Secondary,0.0313253012048,1,0.0313253012048
513,parent,0.0568674698795,2,0.0284337349398
199,A,0.0568674698795,2,0.0284337349398
478,view,0.0568674698795,2,0.0284337349398
255,Brokenshire,0.0281090289608,1,0.0281090289608
368,10,0.0281090289608,1,0.0281090289608
656,4,0.0544578313253,2,0.0272289156627
